company,title,description,publishedAt,url,date
AAPL,Artea Bank migrates to BPC SmartVista platform,"Artea Bank, a major Lithuanian commercial bank dedicated to improving the financial well-being of Lithuania’s residents and businesses, has selected BPC SmartVista, a cloud-native, microservices-based platform, to modernize its card-issuing infrastructure.",2025-08-21T13:36:00Z,https://www.finextra.com/pressarticle/106804/artea-bank-migrates-to-bpc-smartvista-platform,2025-08-21
AAPL,"Best iPhone 16 Pro Max Case: 9 Smart Picks for Protection, MagSafe, Camera Safety & Style","Find the best iphone 16 pro max case to protect camera, keep MagSafe charging, and match your price — easy buying advice and real use-cases.",2025-08-21T13:34:56Z,https://www.smashingapps.com/best-iphone-16-pro-max-case-9-smart-picks/,2025-08-21
AAPL,Why Google's best Pixel 10 announcement yesterday was an iPhone feature - and I don't mind,Android devices are finally getting Qi2 wireless charging on par with iPhone's MagSafe - starting with the Google Pixel 10. Here's why that's a big deal.,2025-08-21T13:32:00Z,https://www.zdnet.com/article/why-googles-best-pixel-10-announcement-yesterday-was-an-iphone-feature-and-i-dont-mind/,2025-08-21
AAPL,Beatles Announce the Return of ‘Anthology’ as a Music Collection With Added ‘Volume 4’ and a Disney+ Documentary Series With Bonus Episode,"Speculation over what major Beatles product Apple Corps would issue as the group’s big annual fall release can now end: It’s a reissue of all of the components of “Anthology,” the band’s multimedia retrospective project of the late ’90s, with additional mater…",2025-08-21T13:31:50Z,https://variety.com/2025/music/news/beatles-anthology-expanded-boxed-set-disney-additional-episode-1236494846/,2025-08-21
AAPL,The Beatles Announce New Edition of Their Classic ‘Anthology’ Documentary,"Nine-part edition of the band's 1995 documentary will be streaming on Disney+, beginning November 26, with an expanded Anthology 4 album out November 21",2025-08-21T13:31:38Z,http://www.rollingstone.com/music/music-features/beatles-announce-new-edition-of-anthology-documentary-1235412916/,2025-08-21
TSLA,US Commerce official buys Bitcoin as Trump tariffs shake markets,"US Secretary of Commerce Howard Lutnick has been scooping up stock in companies that could benefit from tariffs, as well as investing in Bitcoin funds.",2025-08-21T13:12:11Z,https://cointelegraph.com/news/howard-lutnick-buys-bitcoin-amid-tariffs,2025-08-21
TSLA,Musk: Tesla Autopilot V14 launches next month,"Tesla CEO Elon Musk announced on Thursday that the carmaker's Autopilot V14 will launch next month. Furthermore, he unveiled the launch date for SpaceX's Starship 10.""It’s all part of broader vision/s...",2025-08-21T13:03:33Z,https://biztoc.com/x/97b0832caea01010,2025-08-21
TSLA,‘The money went into his account’: Is my father trying to swindle me out of my grandparents’ $800K home?,"“I came across a letter from my father’s bank showing a wire transfer of $195,000 from the buyer.”",2025-08-21T13:00:00Z,https://www.marketwatch.com/story/the-money-went-into-his-account-is-my-father-trying-to-swindle-me-out-of-my-grandparents-800k-home-7176ba11,2025-08-21
TSLA,Tesla Rival Xpeng Under Fire For Hiding EV Defects With Secret Repairs To Dodge Official Recall: Report,"XPeng Inc. (NYSE:XPEV) is facing severe backlash for its handling of steering system failures in its P7+ electric vehicles. The Chinese EV manufacturer has been accused of replacing faulty parts without issuing an official recall.
Secret Fixes To P7+ Steering…",2025-08-21T12:18:08Z,https://biztoc.com/x/991c7b9325d3b72b,2025-08-21
TSLA,"RXST DEADLINE NOTICE: RxSight, Inc. Investors are Notified of the September 22 Class Action Deadline -- Contact BFA Law if You Suffered Losses (NASDAQ:RXST)","RxSight, Inc. investors that lost money are notified to contact BFA Law before the September 22, 2025 securities fraud class action deadline.......",2025-08-21T12:18:00Z,https://www.globenewswire.com/news-release/2025/08/21/3137117/0/en/RXST-DEADLINE-NOTICE-RxSight-Inc-Investors-are-Notified-of-the-September-22-Class-Action-Deadline-Contact-BFA-Law-if-You-Suffered-Losses-NASDAQ-RXST.html,2025-08-21
AMZN,"Best iPhone 16 Pro Max Case: 9 Smart Picks for Protection, MagSafe, Camera Safety & Style","Find the best iphone 16 pro max case to protect camera, keep MagSafe charging, and match your price — easy buying advice and real use-cases.",2025-08-21T13:34:56Z,https://www.smashingapps.com/best-iphone-16-pro-max-case-9-smart-picks/,2025-08-21
AMZN,"Resisting the Authoritarian City, Block by Block","“When people are fighting displacement, they're fighting for their class interests,” says Andrew Lee.",2025-08-21T13:34:42Z,https://truthout.org/audio/resisting-the-authoritarian-city-block-by-block/,2025-08-21
AMZN,"Samsung Galaxy S25 Edge price drops further, saving you $270",The Samsung Galaxy S25 Edge is the hottest device for those who like thinner handsets. It's also pretty good in all other departments!,2025-08-21T13:34:34Z,https://www.androidauthority.com/samsung-galaxy-s25-edge-deal-6-3589961/,2025-08-21
AMZN,MMO grind in a single-player game – new free-to-play RPG launches with 95% positive reviews,Nakuma offers players a rewarding grind paired with a dynamic combat system. The free-to-play action RPG is available on Steam and has already received highly positive feedback from the community.,2025-08-21T13:34:00Z,https://www.notebookcheck.net/MMO-grind-in-a-single-player-game-new-free-to-play-RPG-launches-with-95-positive-reviews.1093129.0.html,2025-08-21
AMZN,Could U.S. Leaders Pass The ‘Good Moral Character’ Citizenship Test?,It seems that not all U.S. leaders could pass the new citizenship test. So let us expect high standards from immigrants but show them mercy in naturalization testing.,2025-08-21T13:33:18Z,https://www.forbes.com/sites/andyjsemotiuk/2025/08/21/could-us-leaders-pass-the-good-moral-character-citizenship-test/,2025-08-21
MSFT,Deep Rock Galactic: Survivor adds Xbox Series version,Ghost Ship Publishing and developer Funday Games will release single-player survivor-like auto-shooter Deep Rock Galactic: Survivor for Xbox Series and PC via Microsoft Store alongside its previous…,2025-08-21T13:36:23Z,https://www.gematsu.com/2025/08/deep-rock-galactic-survivor-adds-xbox-series-version,2025-08-21
MSFT,"Semantic Overlap Vs. Density: Finding The Balance That Wins Retrieval via @sejournal, @DuaneForrester","Machines reward overlap. Humans reward density. This article explains why balancing both is critical for content optimization in retrieval-augmented AI systems.
The post Semantic Overlap Vs. Density: Finding The Balance That Wins Retrieval appeared first on S…",2025-08-21T13:30:32Z,https://www.searchenginejournal.com/semantic-overlap-vs-density-finding-the-balance-that-wins-retrieval/554251/,2025-08-21
MSFT,Colt Admits Customer Data Likely Stolen in Cyber-Attack,Colt customers can request a list of filenames posted on the dark web via a dedicated call center,2025-08-21T13:30:00Z,https://www.infosecurity-magazine.com/news/colt-customer-data-likely-stolen/,2025-08-21
MSFT,‘Raid: Shadow Legends’ Launches In-Game Crossover With ‘Teenage Mutant Ninja Turtles’ (EXCLUSIVE),"Turtle power! Paramount is teaming up with dark fantasy video game “Raid: Shadow Legends” for a “Teenage Mutant Ninja Turtles” in-game crossover event featuring the heroes in a half shell. Per Israel-based “Raid” developer Plarium, the licensing tie-in with P…",2025-08-21T13:30:00Z,https://variety.com/2025/gaming/news/teenage-mutant-ninja-turtles-raid-shadow-legends-crossover-1236494567/,2025-08-21
MSFT,VAST Data Introduces SyncEngine to Turn Disconnected Enterprise Data Into Actionable Intelligence,"SyncEngine automates data mobility across fragmented environments, accelerating AI pipeline performance SyncEngine automates data mobility across fragmented environments, accelerating AI pipeline performance",2025-08-21T13:30:00Z,https://www.globenewswire.com/news-release/2025/08/21/3137230/0/en/VAST-Data-Introduces-SyncEngine-to-Turn-Disconnected-Enterprise-Data-Into-Actionable-Intelligence.html,2025-08-21
WMT,Walmart says more tariff-driven price hikes are coming this year,"Walmart said it managed to avoid some of the price hikes it expected last quarter, but its costs continue to increase each week.",2025-08-21T13:35:01Z,https://www.businessinsider.com/walmart-says-more-tariff-driven-price-hikes-coming-this-year-2025-8,2025-08-21
WMT,US stocks open lower as investors brace for Fed meet; Walmart slides,"Wall Street's main indexes experienced a downturn at the opening bell on Thursday, reflecting investor apprehension leading up to the Federal Reserve's Jackson Hole conference. Disappointing quarterly results from retail giant Walmart further contributed to t…",2025-08-21T13:34:59Z,https://economictimes.indiatimes.com/markets/stocks/news/us-stocks-open-lower-as-investors-brace-for-fed-meet-walmart-slides/articleshow/123434475.cms,2025-08-21
WMT,"Best iPhone 16 Pro Max Case: 9 Smart Picks for Protection, MagSafe, Camera Safety & Style","Find the best iphone 16 pro max case to protect camera, keep MagSafe charging, and match your price — easy buying advice and real use-cases.",2025-08-21T13:34:56Z,https://www.smashingapps.com/best-iphone-16-pro-max-case-9-smart-picks/,2025-08-21
WMT,Walmart reports solid sales and profits as US tariffs worry some consumers,"NEW YORK (AP) — Walmart Inc. powered through an uncertain economic environment and tariff concerns to deliver solid second-quarter financial results Thursday, showing it keeps pulling in shoppers and...",2025-08-21T13:33:22Z,http://www.winnipegfreepress.com/business/2025/08/21/walmart-reports-solid-second-quarter-sales-and-profits-despite-a-challenging-tariff-environment,2025-08-21
WMT,"Walmart continues to gain share, supporting margin expansion, says Raymond James","See the rest of the story here.

thefly.com provides the latest financial news as it breaks. Known as a leader in market intelligence, The Fly's real-time, streaming news feed keeps individual investors, professional money managers, active traders, and corpor…",2025-08-21T13:33:17Z,https://thefly.com/permalinks/entry.php/id4187015/WMT-Walmart-continues-to-gain-share-supporting-margin-expansion-says-Raymond-James,2025-08-21
